Attribute,N,Accuracy (%),Macro F1 (%),Mean_Within_WBC_Accuracy,Mean_Within_WBC_F1,Overall - Within Drop
cell_size,3099,45.01,31.04,51.327999999999996,31.401999999999997,-6.317999999999998
cell_shape,3099,77.41,43.63,74.24,41.989999999999995,3.1700000000000017
nucleus_shape,3099,29.33,7.73,22.904,5.404,6.425999999999998
nuclear_cytoplasmic_ratio,3099,87.9,46.78,79.848,60.818000000000005,8.052000000000007
chromatin_density,3099,90.74,47.57,87.24199999999999,55.536,3.4980000000000047
cytoplasm_vacuole,3099,92.09,47.94,90.002,56.824,2.088000000000008
cytoplasm_texture,3099,79.35,44.24,68.896,67.01,10.453999999999994
cytoplasm_colour,3099,74.8,28.53,61.536,41.0,13.263999999999996
granule_type,3099,35.53,16.81,22.137999999999998,11.404,13.392000000000003
granule_colour,3099,33.43,14.65,20.604000000000003,7.6,12.825999999999997
granularity,3099,73.89,42.49,60.188,50.202,13.701999999999998
