Attribute,WBC,N,Accuracy (%),Macro F1 (%)
cell_size,Basophil,349,68.77,40.75
cell_size,Eosinophil,927,36.46,26.72
cell_size,Lymphocyte,367,99.18,49.79
cell_size,Monocyte,445,13.26,11.71
cell_size,Neutrophil,1011,38.97,28.04
cell_shape,Basophil,349,89.97,47.36
cell_shape,Eosinophil,927,91.48,47.77
cell_shape,Lymphocyte,367,66.49,39.93
cell_shape,Monocyte,445,44.72,30.9
cell_shape,Neutrophil,1011,78.54,43.99
nucleus_shape,Basophil,349,28.94,8.35
nucleus_shape,Eosinophil,927,66.67,13.33
nucleus_shape,Lymphocyte,367,0.0,0.0
nucleus_shape,Monocyte,445,0.22,0.09
nucleus_shape,Neutrophil,1011,18.69,5.25
nuclear_cytoplasmic_ratio,Basophil,349,99.71,49.93
nuclear_cytoplasmic_ratio,Eosinophil,927,100.0,100.0
nuclear_cytoplasmic_ratio,Lymphocyte,367,6.27,5.9
nuclear_cytoplasmic_ratio,Monocyte,445,93.26,48.26
nuclear_cytoplasmic_ratio,Neutrophil,1011,100.0,100.0
chromatin_density,Basophil,349,100.0,100.0
chromatin_density,Eosinophil,927,99.78,49.95
chromatin_density,Lymphocyte,367,97.0,49.24
chromatin_density,Monocyte,445,40.22,28.69
chromatin_density,Neutrophil,1011,99.21,49.8
cytoplasm_vacuole,Basophil,349,99.71,49.93
cytoplasm_vacuole,Eosinophil,927,99.68,49.92
cytoplasm_vacuole,Lymphocyte,367,100.0,100.0
cytoplasm_vacuole,Monocyte,445,54.38,35.23
cytoplasm_vacuole,Neutrophil,1011,96.24,49.04
cytoplasm_texture,Basophil,349,100.0,100.0
cytoplasm_texture,Eosinophil,927,100.0,100.0
cytoplasm_texture,Lymphocyte,367,33.24,24.95
cytoplasm_texture,Monocyte,445,11.24,10.1
cytoplasm_texture,Neutrophil,1011,100.0,100.0
cytoplasm_colour,Basophil,349,100.0,100.0
cytoplasm_colour,Eosinophil,927,99.89,49.97
cytoplasm_colour,Lymphocyte,367,2.72,1.77
cytoplasm_colour,Monocyte,445,5.17,3.28
cytoplasm_colour,Neutrophil,1011,99.9,49.98
granule_type,Basophil,349,0.86,0.85
granule_type,Eosinophil,927,9.17,5.61
granule_type,Lymphocyte,367,0.54,0.36
granule_type,Monocyte,445,0.22,0.22
granule_type,Neutrophil,1011,99.9,49.98
granule_colour,Basophil,349,0.0,0.0
granule_colour,Eosinophil,927,5.07,4.83
granule_colour,Lymphocyte,367,0.0,0.0
granule_colour,Monocyte,445,0.22,0.22
granule_colour,Neutrophil,1011,97.73,32.95
granularity,Basophil,349,100.0,100.0
granularity,Eosinophil,927,100.0,100.0
granularity,Lymphocyte,367,0.82,0.81
granularity,Monocyte,445,0.22,0.22
granularity,Neutrophil,1011,99.9,49.98
