epoch,train_loss,train_attribute_loss,train_wbc_loss,train_accuracy,val_loss,val_attribute_loss,val_wbc_loss,val_accuracy
1,1.7888,0.7576,1.41,43.96,1.0239,0.6098,0.719,77.28
2,0.7845,0.5034,0.5328,79.4,0.4949,0.4152,0.2873,89.9
3,0.4794,0.3804,0.2892,89.88,0.3751,0.3436,0.2033,93.4
4,0.3457,0.3211,0.1852,94.07,0.3452,0.3165,0.187,93.59
5,0.267,0.285,0.1244,96.06,0.242,0.2704,0.1068,96.41
6,0.2581,0.2762,0.1199,96.3,0.2553,0.2653,0.1226,96.31
7,0.2218,0.2602,0.0917,97.16,0.21,0.2537,0.0832,97.28
8,0.2231,0.2588,0.0937,96.97,0.2629,0.256,0.1349,96.41
9,0.2161,0.2571,0.0876,97.29,0.2049,0.245,0.0824,97.57
10,0.2046,0.2501,0.0796,97.57,0.1981,0.2381,0.0791,97.77
